bill_no,period_from,period_to,index_ref_date,fixed_proportion,fuel_o,fuel_n,bitumen_o,bitumen_n,steel_o,steel_n,cement_o,cement_n,equipment_o,equipment_n,labour_o,labour_n,metal_o,metal_n,adjustment_factor_pn,ipc_amount,amount_after_adjustment,adjustment_amount,fuel_ret_pct,bitumen_ret_pct,steel_ret_pct,cement_ret_pct,equipment_ret_pct,labour_ret_pct,metal_ret_pct,adjustment_pct_of_ipc
1,2019-04-25,2019-08-31,2019-07-13,0.2,224.9,201.9,298,316.0,239,216.9,252.3,258.6,219.3,232.6,209.6,209.6,239,216.9,0.9965452554039043,2194524.571993454,2186943.05008736,-7581.521906093694,-10.22676745220098,6.040268456375841,-9.24686192468619,2.4970273483947647,6.064751481988129,0.0,-9.24686192468619,-0.3454744596095737
2,2019-09-01,2020-01-31,2019-12-13,0.2,224.9,191.3,298,244.1,239,207.3,252.3,258.0,219.3,234.2,209.6,209.6,239,207.3,0.9380436934098998,2757680.8959831344,2586825.172913941,-170855.7230691933,-14.939973321476208,-18.08724832214765,-13.263598326359826,2.2592152199762072,6.794345645234823,0.0,-13.263598326359826,-6.195630659010021
3,2020-02-01,2020-02-29,2020-01-11,0.2,224.9,190.3,298,242.2,239,212.1,252.3,257.2,219.3,236.3,209.6,209.6,239,212.1,0.9399769453641509,1991554.622459472,1872015.430545309,-119539.19191416283,-15.384615384615385,-18.724832214765108,-11.255230125523019,1.9421323820848047,7.751937984496116,0.0,-11.255230125523019,-6.002305463584916
4,2020-03-01,2020-03-31,2020-02-11,0.2,224.9,175.8,298,244.7,239,209.1,252.3,256.8,219.3,236.5,209.6,209.6,239,209.1,0.9332573004608018,1832422.4636063045,1710121.6416889515,-122300.82191735297,-21.831925300133392,-17.885906040268463,-12.51046025104603,1.7835909631391145,7.843137254901955,0.0,-12.51046025104603,-6.674269953919822
5,2020-04-01,2020-05-31,2020-04-12,0.2,224.9,90.3,298,232.4,239,204.7,252.3,260.3,219.3,236.6,209.6,209.6,239,204.7,0.8856567012801827,2052905.0914284468,1818169.1513158102,-234735.94011263666,-59.84882169853268,-22.013422818791938,-14.351464435146443,3.1708283789139813,7.888736890104875,0.0,-14.351464435146443,-11.434329871981726
6,2020-06-01,2020-08-31,2020-07-13,0.2,224.9,146.0,298,233.5,239,200.9,252.3,262.8,219.3,236.5,209.6,209.6,239,200.9,0.9097218662253056,2175419.6036480838,1979026.7816538494,-196392.82199423434,-35.08225878168075,-21.64429530201343,-15.941422594142251,4.161712247324623,7.843137254901955,0.0,-15.941422594142251,-9.027813377469439
7,2020-09-01,2020-11-30,2020-10-12,0.2,224.9,146.6,298,239.9,239,207.4,252.3,262.9,219.3,236.7,209.6,209.6,239,207.4,0.9184942860097041,3203830.4133622753,2942699.9280173583,-261130.48534491705,-34.815473543797246,-19.496644295302012,-13.221757322175732,4.201347602061034,7.934336525307795,0.0,-13.221757322175732,-8.150571399029587
8,2020-12-01,2021-01-31,2020-12-13,0.2,224.9,164.6,298,275.2,239,230.7,252.3,262.8,219.3,236.8,209.6,209.6,239,230.7,0.9648185135568039,4577563.138462312,4416517.662963626,-161045.4754986856,-26.811916407292134,-7.651006711409403,-3.47280334728034,4.161712247324623,7.979936160510714,0.0,-3.47280334728034,-3.5181486443196013
9,2021-02-01,2021-03-31,2021-02-10,0.2,224.9,196.8,298,307.4,239,260.5,252.3,264.6,219.3,241.1,209.6,209.6,239,260.5,1.0221238758141928,3617775.900193151,3697815.124932604,80039.22473945282,-12.494441974210757,3.1543624161073813,8.995815899581583,4.875148632580273,9.940720474236198,0.0,8.995815899581583,2.2123875814192795
10,2021-04-01,2021-04-30,2021-03-12,0.2,224.9,225.2,298,316.0,239,292.2,252.3,264.4,219.3,241.3,209.6,209.6,239,292.2,1.060430848538355,2495785.6371821067,2646608.0810068604,150822.44382475363,0.13339261894174115,6.040268456375841,22.25941422594142,4.795877923107406,10.031919744642037,0.0,22.25941422594142,6.043084853835497
11,2021-05-01,2021-06-30,2021-05-12,0.2,224.9,240.4,298,339.3,239,332.6,252.3,271.3,219.3,243.4,209.6,209.6,239,332.6,1.1118750721423276,4175499.3000886,4642633.585516251,467134.2854276509,6.891951978657174,13.859060402684564,39.16317991631799,7.530717399920728,10.98951208390333,0.0,39.16317991631799,11.18750721423277
12,2021-07-01,2021-07-31,2021-06-12,0.2,224.9,244.2,298,352.1,239,354.9,252.3,271.5,219.3,246.9,209.6,209.6,239,354.9,1.1378263898502585,2720601.001537119,3095571.615801978,374970.6142648589,8.58159181858602,18.154362416107396,48.49372384937239,7.609988109393573,12.585499316005478,0.0,48.49372384937239,13.782638985025859
13,2021-08-01,2021-08-31,2021-07-13,0.2,224.9,256.633,298,353.669,239,382.821,252.3,272.591,219.3,247.682,209.6,209.6,239,382.821,1.1627202957903213,3223042.0351038603,3747496.3884006,524454.3532967395,14.109826589595365,18.680872483221478,60.17615062761508,8.042409829567966,12.94208846329228,0.0,60.17615062761508,16.27202957903214
14,2021-09-01,2021-09-30,2021-08-12,0.2,224.9,251.608,298,329.882,239,395.232,252.3,274.436,219.3,248.835,209.6,209.6,239,395.232,1.1535679065255553,2910956.059563068,3357985.487618048,447029.42805498,11.875500222321023,10.698657718120796,65.36903765690379,8.773682124454997,13.467852257181946,0.0,65.36903765690379,15.35679065255553
15,2021-10-01,2021-10-31,2021-09-12,0.2,224.9,257.07,298,338.217,239,405.663,252.3,274.966,219.3,249.86,209.6,209.6,239,405.663,1.1688146175665632,2850124.9553581825,3331267.709713892,481142.75435570953,14.304135171187182,13.495637583892606,69.73347280334727,8.98374950455807,13.935248518011868,0.0,69.73347280334727,16.881461756656318
16,2021-11-01,2021-11-30,2021-10-12,0.2,224.9,278.8,298,342.458,239,417.852,252.3,275.266,219.3,257.313,209.6,209.6,239,417.852,1.1924904451992926,1975258.6489033748,2355477.0656145387,380218.41671116394,23.966207203201417,14.91879194630874,74.83347280334726,9.102655568767348,17.333789329685345,0.0,74.83347280334726,19.249044519929267
17,2021-12-01,2021-12-31,2021-11-12,0.2,224.9,278.69,298,376.741,239,433.525,252.3,273.936,219.3,258.281,209.6,209.6,239,433.525,1.2252011245339927,2211569.769401897,2709617.768456587,498047.9990546899,23.91729657625612,26.423154362416113,81.39121338912132,8.575505350772872,17.775193798449607,0.0,81.39121338912132,22.520112453399257
18,2022-01-01,2022-01-31,2021-12-13,0.2,224.9,259.6,298,408.154,239,433.252,252.3,274.404,219.3,260.38,209.6,209.6,239,433.252,1.2387667487751783,2312683.3392678895,2864875.2211314063,552191.8818635168,15.429079590929318,36.964429530201336,81.27698744769876,8.760998810939347,18.732330141358865,0.0,81.27698744769876,23.876674877517836
19,2022-02-01,2022-02-28,2022-01-10,0.2,224.9,275.116,298,404.808,239,423.397,252.3,283.858,219.3,261.208,209.6,209.6,239,423.397,1.2413597224157003,1570684.331995024,1949784.2663680327,379099.93437300855,22.328145842596705,35.84161073825503,77.15355648535565,12.508125247720958,19.10989512083905,0.0,77.15355648535565,24.135972241570023
20,2022-03-01,2022-04-30,2022-03-12,0.2,224.9,364.665,298,460.651,239,397.639,252.3,285.605,219.3,263.433,209.6,209.6,239,397.639,1.3041964107615824,2149815.314711186,2803781.417246611,653966.1025354248,62.14539795464651,54.580872483221476,66.37615062761506,13.20055489496632,20.124487004103962,0.0,66.37615062761506,30.41964107615825
21,2022-05-01,2022-05-31,2022-04-12,0.2,224.9,376.109,298,507.501,239,405.655,252.3,290.566,219.3,270.673,209.6,209.6,239,405.655,1.3510265334325429,1551575.1589766282,2096219.2083922406,544644.0494156124,67.23388172521119,70.30234899328858,69.73012552301255,15.166864843440342,23.42590059279526,0.0,69.73012552301255,35.10265334325429
22,2022-06-01,2022-07-31,2022-06-12,0.2,224.9,466.799,298,559.772,239,412.324,252.3,291.714,219.3,274.14,209.6,209.6,239,412.324,1.4326538482707414,3075677.0248720134,4406380.525720795,1330703.5008487813,107.5584704313028,87.84295302013425,72.52050209205021,15.621878715814507,25.006839945280433,0.0,72.52050209205021,43.265384827074136
23,2022-08-01,2022-08-31,2022-07-13,0.2,224.9,406.401,298,528.04,239,393.04,252.3,299.366,219.3,275.184,209.6,209.6,239,393.04,1.3759077413116163,1841613.6489411741,2533890.476083295,692276.8271421208,80.70297910182302,77.19463087248322,64.45188284518831,18.654776060245727,25.482900136798904,0.0,64.45188284518831,37.59077413116164
24,2022-09-01,2022-10-31,2022-09-12,0.2,224.9,360.701,298,462.707,239,353.075,252.3,304.473,219.3,282.714,209.6,209.6,239,353.075,1.2921151421333503,2252416.8855126128,2910381.964167688,657965.0786550753,60.382836816362826,55.270805369127515,47.730125523012546,20.678953626634964,28.916552667578642,0.0,47.730125523012546,29.21151421333504
25,2022-11-01,2022-11-30,2022-10-12,0.2,224.9,381.173,298,505.156,239,336.866,252.3,308.685,219.3,282.777,209.6,209.6,239,336.866,1.3212322725542767,1631121.8898823485,2155090.881382282,523968.9914999334,69.48554913294798,69.51543624161074,40.948117154811705,22.348394768133172,28.94528043775648,0.0,40.948117154811705,32.123227255427665
26,2022-12-01,2023-01-31,2022-12-13,0.2,224.9,288.864,298,477.291,239,322.678,252.3,310.125,219.3,283.37,209.6,209.6,239,322.678,1.2534230185005812,1774822.3832739517,2224603.228945632,449780.8456716803,28.44108492663404,60.16476510067115,35.01171548117155,22.91914387633769,29.21568627450979,0.0,35.01171548117155,25.342301850058117
27,2023-02-01,2023-02-28,2023-01-10,0.2,224.9,310.821,298,433.119,239,323.534,252.3,325.213,219.3,293.057,209.6,209.6,239,323.534,1.2444750441754975,2046996.6968671307,2547436.3047608198,500439.60789368907,38.2040907069809,45.341946308724836,35.36987447698745,28.89932619896949,33.6329229366165,0.0,35.36987447698745,24.44750441754974
28,2023-03-01,2023-04-30,2023-03-12,0.2,224.9,304.612,298,489.816,239,340.753,252.3,329.742,219.3,294.9,209.6,209.6,239,340.753,1.2932083297163084,1427296.1583865434,1845791.2809975652,418495.12261102186,35.44330813694976,64.36778523489932,42.574476987447696,30.69441141498217,34.47332421340627,0.0,42.574476987447696,29.320832971630832
29,2023-05-01,2023-05-31,2023-04-12,0.2,224.9,305.831,298,379.038,239,347.827,252.3,330.005,219.3,295.79,209.6,209.6,239,347.827,1.2243525240748012,1630034.3986554742,1995736.7303225806,365702.33166710637,35.985326811916416,27.193959731543636,45.53430962343097,30.79865239793895,34.87916096671226,0.0,45.53430962343097,22.435252407480117
30,2023-06-01,2023-06-30,2023-05-12,0.2,224.9,285.316,298,331.876,239,356.02,252.3,331.964,219.3,295.959,209.6,209.6,239,356.02,1.189573913348197,665325.3016739339,791453.6227618313,126128.3210878974,26.86349488661626,11.36778523489932,48.96234309623431,31.57510899722551,34.956224350205204,0.0,48.96234309623431,18.957391334819707
31,2023-07-01,2023-07-31,2023-06-12,0.2,224.9,281.866,298,353.569,239,348.799,252.3,331.715,219.3,296.072,209.6,209.6,239,348.799,1.1980197858193364,821002.1313613355,983576.7975707259,162574.6662093904,25.329479768786122,18.647315436241605,45.94100418410041,31.47641696393182,35.00775193798449,0.0,45.94100418410041,19.801978581933643
31,2023-08-01,2023-08-31,2023-07-13,0.2,224.9,281.498,298,350.733,239,335.16,252.3,334.493,219.3,300.789,209.6,209.6,239,335.16,1.1906447649414984,733033.5018487424,872782.5015029393,139748.9996541969,25.165851489550906,17.69563758389261,40.234309623430974,32.577487118509694,37.158686730506155,0.0,40.234309623430974,19.064476494149837
32,2023-09-01,2023-09-30,2023-08-12,0.2,224.9,330.529,298,354.22,239,331.341,252.3,335.313,219.3,300.774,209.6,209.6,239,331.341,1.2127075864345231,1389377.080739513,1684908.1262310585,295531.04549154546,46.96709648732769,18.865771812080556,38.63640167364017,32.902497027348375,37.151846785225715,0.0,38.63640167364017,21.270758643452318
33,2023-10-01,2023-10-31,2023-09-12,0.2,224.9,337.828,298,376.112,239,323.71,252.3,336.568,219.3,301.307,209.6,209.6,239,323.71,1.2265967855166813,343138.9859495759,420893.17715120345,77754.19120162755,50.21253890618051,26.21208053691275,35.443514644351445,33.39992072929052,37.39489284085727,0.0,35.443514644351445,22.659678551668122
33,2023-11-01,2023-11-30,2023-10-12,0.2,224.9,304.867,298,424.852,239,316.875,252.3,337.757,219.3,301.308,209.6,209.6,239,316.875,1.2408343192797169,1137828.1855999976,1411856.2621362484,274028.07653625077,35.55669186305026,42.567785234899326,32.58368200836821,33.871185097106604,37.3953488372093,0.0,32.58368200836821,24.083431927971684
34,2023-12-01,2023-12-31,2023-11-12,0.2,224.9,284.959,298,383.912,239,314.596,252.3,337.433,219.3,304.092,209.6,209.6,239,314.596,1.2042166155862981,323652.0142520815,389747.1332303299,66095.11897824839,26.704757670075587,28.82953020134227,31.630125523012566,33.74276654776058,38.664842681258534,0.0,31.630125523012566,20.421661558629804
34,2024-01-01,2024-01-31,2023-12-13,0.2,224.9,256.033,298,340.688,239,325.942,252.3,337.048,219.3,304.522,209.6,209.6,239,325.942,1.1695099061125092,1132916.9761344641,1324957.6263922849,192040.65025782073,13.843041351711882,14.324832214765104,36.377405857740584,33.59017043202537,38.86092111263109,0.0,36.377405857740584,16.95099061125091
35,2024-02-01,2024-02-29,2024-01-11,0.2,224.9,256.245,298,334.061,239,337.235,252.3,351.059,219.3,306.439,209.6,209.6,239,337.235,1.1786716306859095,-203708.97110924125,-240105.9851626782,-36397.01405343696,13.937305469097371,12.10100671140939,41.10251046025106,39.14347998414587,39.73506611947104,0.0,41.10251046025106,17.867163068590948
