era,start,end,start_price,end_price,min_price,max_price,mean_monthly_return_pct,monthly_vol_pct,n_big_moves_gt10pct,max_drawdown_pct
Pre-GFC boom,2003-01-01,2008-06-30,31.183636363636364,132.32238095238094,25.06772727272727,132.32238095238094,2.3350925478256,7.907845582025146,15,-27.13681842860467
GFC crash,2008-07-01,2009-02-28,132.71818181818182,43.32473684210526,39.94681818181818,132.71818181818182,-13.956468293366498,15.320249608849515,5,-69.90102061785053
Post-GFC high plateau ($90-115),2009-03-01,2014-10-31,46.540454545454544,87.42521739130434,46.540454545454544,125.44545454545455,1.0324411882487188,6.023573478580108,7,-30.308182382466285
2014-16 price collapse,2014-11-01,2016-01-31,79.4378947368421,30.6995,30.6995,79.4378947368421,-6.97691601156134,13.088378656158824,6,-61.354086608538935
Recovery / range-bound ($45-75),2016-02-01,2019-12-31,32.1815,67.21714285714286,32.1815,81.03217391304348,1.6674084025986289,7.580306926364226,7,-29.210398572383557
COVID demand shock,2020-01-01,2020-04-30,63.64545454545455,18.3785,18.3785,63.64545454545455,-32.41867034714593,26.736000964321846,3,-71.12362519640052
COVID recovery,2020-05-01,2021-12-31,29.378947368421056,74.1704761904762,29.378947368421056,83.53809523809524,6.975923364169814,13.157452323868467,5,-11.213589465883821
2022 Ukraine-war spike,2022-01-01,2022-06-30,86.50523809523808,122.71095238095238,86.50523809523808,122.71095238095238,8.391090553445002,10.595688415110754,4,-10.806371906091316
2022-26 moderation / current regime,2022-07-01,2026-04-30,111.92571428571429,117.2875,62.54428571428572,117.2875,-0.09826831212083775,8.513806865762785,7,-44.11982437330882
